GPS Time,SatPRN (ID),Sat.X,Sat.Y,Sat.Z,Pseudo-Range,CN0,Doppler,Pos.X,Pos.Y,Pos.Z,Latitude,Longitude,Altitude
2024-04-13 16:51:36.417342720+00:00,G02,14573206.71411265,-5239567.640830624,22040175.96184369,22948159.07468715,43.0,-505.6047058105469,4436876.524074273,3085278.6874412294,3376310.7016534866,32.16879873391326,34.813661167085144,38.13702099211514
2024-04-13 16:51:36.417342720+00:00,G03,23187580.558564212,-12122987.558775622,4011162.6919710715,24058778.322330758,42.0,-504.386474609375,4436876.524074273,3085278.6874412294,3376310.7016534866,32.16879873391326,34.813661167085144,38.13702099211514
2024-04-13 16:51:36.417342720+00:00,G08,24906736.30404856,4694270.572758321,8528081.895445963,21133596.263502687,47.8,165.79957580566406,4436876.524074273,3085278.6874412294,3376310.7016534866,32.16879873391326,34.813661167085144,38.13702099211514
2024-04-13 16:51:36.417342720+00:00,G10,-1329165.0720265834,17148086.34156501,20352420.163985148,22788507.905097716,39.0,355.62664794921875,4436876.524074273,3085278.6874412294,3376310.7016534866,32.16879873391326,34.813661167085144,38.13702099211514
2024-04-13 16:51:36.417342720+00:00,G21,15699708.620245434,1536361.2559223366,21913664.42634119,21707764.477237504,44.3,-348.5203857421875,4436876.524074273,3085278.6874412294,3376310.7016534866,32.16879873391326,34.813661167085144,38.13702099211514
2024-04-13 16:51:36.417342720+00:00,G27,23150795.05425613,13293206.07379138,-2593025.988618102,22142539.095252085,45.2,533.8138427734375,4436876.524074273,3085278.6874412294,3376310.7016534866,32.16879873391326,34.813661167085144,38.13702099211514
2024-04-13 16:51:36.417342720+00:00,G28,5200268.047928143,25758890.151180234,-3885488.7660888904,23880923.43459964,35.5,-510.6150207519531,4436876.524074273,3085278.6874412294,3376310.7016534866,32.16879873391326,34.813661167085144,38.13702099211514
2024-04-13 16:51:36.417342720+00:00,G32,8094502.459394407,17964729.605067823,18113974.760810208,21445038.954810735,45.6,236.67388916015625,4436876.524074273,3085278.6874412294,3376310.7016534866,32.16879873391326,34.813661167085144,38.13702099211514
2024-04-13 16:51:37.417342976+00:00,G02,14573637.157755837,-5236917.872893741,22040556.11196385,22947653.92578402,45.2,-505.4778747558594,4436882.867613476,3085280.2997650467,3376315.863788752,32.168808713925614,34.81363680491583,46.073195778764784
2024-04-13 16:51:37.417342976+00:00,G03,23187259.053250164,-12122514.97754027,4014342.794508614,24058272.54521979,43.4,-504.374755859375,4436882.867613476,3085280.2997650467,3376315.863788752,32.168808713925614,34.81363680491583,46.073195778764784
2024-04-13 16:51:37.417342976+00:00,G08,24907621.621711712,4694947.489705142,8525202.036002519,21133762.354675133,49.8,165.98670959472656,4436882.867613476,3085280.2997650467,3376315.863788752,32.168808713925614,34.81363680491583,46.073195778764784
2024-04-13 16:51:37.417342976+00:00,G10,-1331334.3680131258,17149413.627291784,20351116.047403943,22788861.970015652,41.7,355.7349548339844,4436882.867613476,3085280.2997650467,3376315.863788752,32.168808713925614,34.81363680491583,46.073195778764784
2024-04-13 16:51:37.417342976+00:00,G21,15700126.351931373,1538993.6651881896,21913269.6990149,21707414.914475743,46.7,-348.3982849121094,4436882.867613476,3085280.2997650467,3376315.863788752,32.168808713925614,34.81363680491583,46.073195778764784
2024-04-13 16:51:37.417342976+00:00,G27,23150430.25081132,13293291.289165769,-2596155.0586444973,22143068.81406179,47.7,533.9739990234375,4436882.867613476,3085280.2997650467,3376315.863788752,32.168808713925614,34.81363680491583,46.073195778764784
2024-04-13 16:51:37.417342976+00:00,G28,5200041.630917072,25759405.581586618,-3882362.5798162287,23880422.194545288,37.8,-510.6340637207031,4436882.867613476,3085280.2997650467,3376315.863788752,32.168808713925614,34.81363680491583,46.073195778764784
2024-04-13 16:51:37.417342976+00:00,G32,8092415.256527005,17963876.506956242,18115754.467669804,21445273.101832367,46.8,236.8504180908203,4436882.867613476,3085280.2997650467,3376315.863788752,32.168808713925614,34.81363680491583,46.073195778764784
2024-04-13 16:51:38.417342976+00:00,G02,14574067.76820618,-5234268.088813115,22040935.8126152,22947148.183573492,43.0,-506.27142333984375,4436875.160833208,3085279.1697089244,3376308.2712946893,32.16878423357212,34.81367361654554,36.12870711367577
2024-04-13 16:51:38.417342976+00:00,G03,23186937.24185885,-12122042.15333005,4017522.810753316,24057767.396316662,42.4,-505.0639343261719,4436875.160833208,3085279.1697089244,3376308.2712946893,32.16878423357212,34.81367361654554,36.12870711367577
2024-04-13 16:51:38.417342976+00:00,G08,24908506.65134796,4695624.204662176,8522321.99879082,21133925.130306207,48.0,165.32833862304688,4436875.160833208,3085279.1697089244,3376308.2712946893,32.16878423357212,34.81367361654554,36.12870711367577
2024-04-13 16:51:38.417342976+00:00,G10,-1333503.4494755473,17150740.95935104,20349811.50206375,22789213.626803543,39.7,354.9705505371094,4436875.160833208,3085279.1697089244,3376308.2712946893,32.16878423357212,34.81367361654554,36.12870711367577
2024-04-13 16:51:38.417342976+00:00,G21,15700544.23317017,1541625.9905167348,21912874.527986936,21707068.66725535,44.7,-349.1448974609375,4436875.160833208,3085279.1697089244,3376308.2712946893,32.16878423357212,34.81367361654554,36.12870711367577
2024-04-13 16:51:38.417342976+00:00,G27,23150065.104609914,13293376.353816982,-2599284.0749783744,22143602.75582419,45.5,533.2472534179688,4436875.160833208,3085279.1697089244,3376308.2712946893,32.16878423357212,34.81367361654554,36.12870711367577
2024-04-13 16:51:38.417342976+00:00,G28,5199815.206101653,25759920.634232134,-3879236.310747346,23879899.944428775,36.2,-511.4332885742188,4436875.160833208,3085279.1697089244,3376308.2712946893,32.16878423357212,34.81367361654554,36.12870711367577
2024-04-13 16:51:38.417342976+00:00,G32,8090327.804100423,17963023.435395673,18117533.797867578,21445512.344317578,45.5,236.1792755126953,4436875.160833208,3085279.1697089244,3376308.2712946893,32.16878423357212,34.81367361654554,36.12870711367577
2024-04-13 16:51:39.417343232+00:00,G02,14574498.545457968,-5231618.288668992,22041315.06378919,22946643.627977766,45.2,-502.2459411621094,4436875.664475392,3085277.6070565428,3376310.2832723144,32.16880189009192,34.81365696589448,36.79475735779852
2024-04-13 16:51:39.417343232+00:00,G03,23186615.124430116,-12121569.086107343,4020702.7406366724,24057262.87562137,44.0,-501.1187744140625,4436875.664475392,3085277.6070565428,3376310.2832723144,32.16880189009192,34.81365696589448,36.79475735779852
2024-04-13 16:51:39.417343232+00:00,G08,24909391.392888926,4696300.717640739,8519441.783958217,21134093.629608702,49.5,169.416748046875,4436875.664475392,3085277.6070565428,3376310.2832723144,32.16880189009192,34.81365696589448,36.79475735779852
2024-04-13 16:51:39.417343232+00:00,G10,-1335672.3163383221,17152068.33766805,20348506.528011203,22789567.656821046,41.6,358.97479248046875,4436875.664475392,3085277.6070565428,3376310.2832723144,32.16880189009192,34.81365696589448,36.79475735779852
2024-04-13 16:51:39.417343232+00:00,G21,15700962.263950534,1544258.231876301,21912478.91326452,21706722.42003496,46.2,-345.1298828125,4436875.664475392,3085277.6070565428,3376310.2832723144,32.16880189009192,34.81365696589448,36.79475735779852
2024-04-13 16:51:39.417343232+00:00,G27,23149699.61563187,13293461.2677961,-2602413.0375993433,22144136.69758659,47.0,537.2924194335938,4436875.664475392,3085277.6070565428,3376310.2832723144,32.16880189009192,34.81365696589448,36.79475735779852
2024-04-13 16:51:39.417343232+00:00,G28,5199588.773461336,25760435.309039477,-3876109.959374171,23879397.48285918,39.1,-507.09564208984375,4436875.664475392,3085277.6070565428,3376310.2832723144,32.16880189009192,34.81365696589448,36.79475735779852
2024-04-13 16:51:39.417343232+00:00,G32,8088240.102113026,17962170.39042043,18119312.751398697,21445751.272698868,48.2,240.2536163330078,4436875.664475392,3085277.6070565428,3376310.2832723144,32.16880189009192,34.81365696589448,36.79475735779852
2024-04-13 16:51:40.417343232+00:00,G02,14574929.489515733,-5228968.472478466,22041693.865486316,22946134.88432978,45.2,-502.9743347167969,4436878.557056937,3085278.539181028,3376315.634687881,32.16882878282278,34.813647571140024,42.1046663466841
2024-04-13 16:51:40.417343232+00:00,G03,23186292.701009493,-12121095.775843112,4023882.5840335344,24056764.32290055,44.2,-501.73736572265625,4436878.557056937,3085278.539181028,3376315.634687881,32.16882878282278,34.813647571140024,42.1046663466841
2024-04-13 16:51:40.417343232+00:00,G08,24910275.84630359,4696977.028680667,8516561.391530413,21134264.222937327,49.4,168.81280517578125,4436878.557056937,3085278.539181028,3376315.634687881,32.16882878282278,34.813647571140024,42.1046663466841
2024-04-13 16:51:40.417343232+00:00,G10,-1337840.9685186045,17153395.762163736,20347201.125297274,22789929.818640016,41.1,358.2361145019531,4436878.557056937,3085278.539181028,3376315.634687881,32.16882878282278,34.813647571140024,42.1046663466841
2024-04-13 16:51:40.417343232+00:00,G21,15701380.444264522,1546890.389256036,21912082.854851656,21706370.44914315,45.8,-345.81219482421875,4436878.557056937,3085278.539181028,3376315.634687881,32.16882878282278,34.813647571140024,42.1046663466841
2024-04-13 16:51:40.417343232+00:00,G27,23149333.78386732,13293546.03115136,-2605541.9464024855,22144674.513297327,46.8,536.6227416992188,4436878.557056937,3085278.539181028,3376315.634687881,32.16882878282278,34.813647571140024,42.1046663466841
2024-04-13 16:51:40.417343232+00:00,G28,5199362.332925703,25760949.606044196,-3872983.5255040573,23878889.96072644,39.9,-507.8260803222656,4436878.557056937,3085278.539181028,3376315.634687881,32.16882878282278,34.813647571140024,42.1046663466841
2024-04-13 16:51:40.417343232+00:00,G32,8086152.150592797,17961317.37207675,18121091.32823326,21445988.700361434,47.5,239.6295318603516,4436878.557056937,3085278.539181028,3376315.634687881,32.16882878282278,34.813647571140024,42.1046663466841
2024-04-13 16:51:41.417343488+00:00,G02,14575360.600359458,-5226318.640409272,22042072.21768556,22945633.609374993,45.3,-502.3953247070313,4436867.987224204,3085276.4750237428,3376308.999383113,32.16882545557259,34.81369358165829,30.228635436855257
2024-04-13 16:51:41.417343488+00:00,G03,23185969.971626576,-12120622.222485622,4027062.340973859,24056262.454638354,44.1,-501.1844177246094,4436867.987224204,3085276.4750237428,3376308.999383113,32.16882545557259,34.81369358165829,30.228635436855257
2024-04-13 16:51:41.417343488+00:00,G08,24911160.01156343,4697653.137824295,8513680.82152469,21134432.408135902,49.4,169.46388244628906,4436867.987224204,3085276.4750237428,3376308.999383113,32.16882545557259,34.81369358165829,30.228635436855257
2024-04-13 16:51:41.417343488+00:00,G10,-1340009.4061253602,17154723.232876316,20345895.293857537,22790279.381401777,35.7,358.9184265136719,4436867.987224204,3085276.4750237428,3376308.999383113,32.16882545557259,34.81369358165829,30.228635436855257
2024-04-13 16:51:41.417343488+00:00,G21,15701798.774070607,1549522.4624343296,21911686.352784134,21706031.07730855,45.8,-345.2157897949219,4436867.987224204,3085276.4750237428,3376308.999383113,32.16882545557259,34.81369358165829,30.228635436855257
2024-04-13 16:51:41.417343488+00:00,G27,23148967.609296795,13293630.643933553,-2608670.8013634095,22145212.3639085,46.5,537.2451171875,4436867.987224204,3085276.4750237428,3376308.999383113,32.16882545557259,34.81369358165829,30.228635436855257
2024-04-13 16:51:41.417343488+00:00,G28,5199135.884442097,25761463.52524182,-3869857.009187088,23878375.807510957,37.6,-507.26116943359375,4436867.987224204,3085276.4750237428,3376308.999383113,32.16882545557259,34.81369358165829,30.228635436855257
2024-04-13 16:51:41.417343488+00:00,G32,8084063.949624278,17960464.380433835,18122869.528293356,21446231.5375915,46.9,240.298583984375,4436867.987224204,3085276.4750237428,3376308.999383113,32.16882545557259,34.81369358165829,30.228635436855257
2024-04-13 16:51:42.417343488+00:00,G02,14575791.878002692,-5223668.792423091,22042450.12039534,22945128.18126838,44.7,-503.2236633300781,4435534.449762041,3085119.314305573,3376447.1853645146,32.1755685905915,34.82039880900152,-898.8470317013562
2024-04-13 16:51:42.417343488+00:00,G03,23185646.936322033,-12120148.425998015,4030242.011382488,24055757.899042632,43.8,-501.9509887695313,4435534.449762041,3085119.314305573,3376447.1853645146,32.1755685905915,34.82039880900152,-898.8470317013562
2024-04-13 16:51:42.417343488+00:00,G08,24912043.888616234,4698329.0450947825,8510800.074036134,21134601.77994928,49.4,168.75726318359375,4435534.449762041,3085119.314305573,3376447.1853645146,32.1755685905915,34.82039880900152,-898.8470317013562
2024-04-13 16:51:42.417343488+00:00,G21,-1342177.645927108,17156050.76004467,20344589.02358868,21705684.515984237,45.9,-346.0337219238281,4435534.449762041,3085119.314305573,3376447.1853645146,32.1755685905915,34.82039880900152,-898.8470317013562
2024-04-13 16:51:42.417343488+00:00,G27,15702217.253380438,1552154.4515242227,21911289.407047406,22145752.273645364,45.7,536.4755859375,4435534.449762041,3085119.314305573,3376447.1853645146,32.1755685905915,34.82039880900152,-898.8470317013562
2024-04-13 16:51:42.417343488+00:00,G28,23148601.09190798,13293715.106191846,-2611799.602396517,23877877.254790135,37.7,-508.0219421386719,4435534.449762041,3085119.314305573,3376447.1853645146,32.1755685905915,34.82039880900152,-898.8470317013562
2024-04-13 16:51:42.417343488+00:00,G32,5198909.427975825,25761977.066587083,-3866730.4107216205,21446472.87410284,48.1,239.5531311035156,4435534.449762041,3085119.314305573,3376447.1853645146,32.1755685905915,34.82039880900152,-898.8470317013562
2024-04-13 16:51:42.417343488+00:00,G10,8081975.49919523,17959611.41552181,18124647.351583056,22788292.045904275,29.1,358.08837890625,4435534.449762041,3085119.314305573,3376447.1853645146,32.1755685905915,34.82039880900152,-898.8470317013562
2024-04-13 16:51:43.417343744+00:00,G02,14576223.322428405,-5221018.928669001,22042827.57359735,22944628.127828833,44.9,-503.2600402832031,4435537.81509869,3085124.9871806973,3376449.585463614,32.17555808619554,34.82042781761694,-892.4887223653495
2024-04-13 16:51:43.417343744+00:00,G03,23185323.595146205,-12119674.38635869,4033421.595086155,24055260.532936614,43.9,-501.9734191894531,4435537.81509869,3085124.9871806973,3376449.585463614,32.17555808619554,34.82042781761694,-892.4887223653495
2024-04-13 16:51:43.417343744+00:00,G08,24912927.477430686,4699004.750532467,8507919.149091106,21134768.77853305,49.2,168.82028198242188,4435537.81509869,3085124.9871806973,3376449.585463614,32.17555808619554,34.82042781761694,-892.4887223653495
2024-04-13 16:51:43.417343744+00:00,G21,-1344345.6540238569,17157378.322884575,20343282.33491527,21705336.453941204,46.0,-346.0481872558594,4435537.81509869,3085124.9871806973,3376449.585463614,32.17555808619554,34.82042781761694,-892.4887223653495
2024-04-13 16:51:43.417343744+00:00,G27,15702635.882170135,1554786.3564146343,21910892.01766058,22146288.902741294,45.3,536.4764404296875,4435537.81509869,3085124.9871806973,3376449.585463614,32.17555808619554,34.82042781761694,-892.4887223653495
2024-04-13 16:51:43.417343744+00:00,G28,23148234.23167975,13293799.417977173,-2614928.349493065,23877366.696319506,37.2,-508.06097412109375,4435537.81509869,3085124.9871806973,3376449.585463614,32.17555808619554,34.82042781761694,-892.4887223653495
2024-04-13 16:51:43.417343744+00:00,G32,5198682.963454504,25762490.230120175,-3863603.7298862385,21446710.301765405,47.6,239.5984039306641,4435537.81509869,3085124.9871806973,3376449.585463614,32.17555808619554,34.82042781761694,-892.4887223653495
2024-04-13 16:51:43.417343744+00:00,G10,8079886.799325444,17958758.47738328,18126424.7980797,22788649.39146315,27.7,358.1225891113281,4435537.81509869,3085124.9871806973,3376449.585463614,32.17555808619554,34.82042781761694,-892.4887223653495
2024-04-13 16:51:44.417343744+00:00,G02,14576654.933642874,-5218369.049153188,22043204.57729366,22944126.85287404,45.9,-503.19036865234375,4435544.450502338,3085129.8048267136,3376453.0455500362,32.17554512572486,34.82042957974946,-883.7070389287546
2024-04-13 16:51:44.417343744+00:00,G03,23184999.948129855,-12119200.103517031,4036601.092105198,24054761.98021579,44.7,-501.9228210449219,4435544.450502338,3085129.8048267136,3376453.0455500362,32.17554512572486,34.82042957974946,-883.7070389287546
2024-04-13 16:51:44.417343744+00:00,G08,24913810.777943235,4699680.2541519655,8505038.046821602,21134940.837679964,49.8,168.9716339111328,4435544.450502338,3085129.8048267136,3376453.0455500362,32.17554512572486,34.82042957974946,-883.7070389287546
2024-04-13 16:51:44.417343744+00:00,G21,-1346513.4473026274,17158705.93170608,20341975.217667002,21704989.892616894,46.8,-345.9566650390625,4435544.450502338,3085129.8048267136,3376453.0455500362,32.17554512572486,34.82042957974946,-883.7070389287546
2024-04-13 16:51:44.417343744+00:00,G27,15703054.660419486,1557418.1770187374,21910494.18463924,22146821.62298845,45.9,536.5894775390625,4435544.450502338,3085129.8048267136,3376453.0455500362,32.17554512572486,34.82042957974946,-883.7070389287546
2024-04-13 16:51:44.417343744+00:00,G28,23147867.028596476,13293883.57933958,-2618057.0425951243,23876862.734031186,37.7,-507.9851379394531,4435544.450502338,3085129.8048267136,3376453.0455500362,32.17554512572486,34.82042957974946,-883.7070389287546
2024-04-13 16:51:44.417343744+00:00,G32,5198456.490840805,25763003.015802093,-3860476.966941404,21446946.542813167,47.6,239.7445831298828,4435544.450502338,3085129.8048267136,3376453.0455500362,32.17554512572486,34.82042957974946,-883.7070389287546
2024-04-13 16:51:44.417343744+00:00,G10,8077797.850069861,17957905.566075724,18128201.867730264,22789010.959974714,29.4,358.00543212890625,4435544.450502338,3085129.8048267136,3376453.0455500362,32.17554512572486,34.82042957974946,-883.7070389287546
2024-04-13 16:51:45.417344+00:00,G02,14577086.711649247,-5215719.153900997,22043581.13148357,22943619.924048703,45.1,-504.54925537109375,4435535.900374285,3085126.0057354067,3376448.2444404988,32.175552604956756,34.82044827900682,-894.041033597663
2024-04-13 16:51:45.417344+00:00,G03,23184675.99530537,-12118725.577424608,4039780.502444403,24054255.33059394,44.7,-503.2698059082031,4435535.900374285,3085126.0057354067,3376448.2444404988,32.175552604956756,34.82044827900682,-894.041033597663
2024-04-13 16:51:45.417344+00:00,G08,24914693.790139288,4700355.556006353,8502156.767199595,21135108.743675053,49.7,167.71536254882812,4435535.900374285,3085126.0057354067,3376448.2444404988,32.175552604956756,34.82044827900682,-894.041033597663
2024-04-13 16:51:45.417344+00:00,G21,-1348681.0258094454,17160033.586508907,20340667.671817273,21704642.73798518,46.4,-347.29083251953125,4435535.900374285,3085126.0057354067,3376448.2444404988,32.175552604956756,34.82044827900682,-894.041033597663
2024-04-13 16:51:45.417344+00:00,G27,15703473.588115444,1560049.913293832,21910095.90799224,22147358.566188302,45.8,535.2749633789062,4435535.900374285,3085126.0057354067,3376448.2444404988,32.175552604956756,34.82044827900682,-894.041033597663
2024-04-13 16:51:45.417344+00:00,G28,23147499.482653543,13293967.59032621,-2621185.681553402,23876346.20758609,37.0,-509.3533020019531,4435535.900374285,3085126.0057354067,3376448.2444404988,32.175552604956756,34.82044827900682,-894.041033597663
2024-04-13 16:51:45.417344+00:00,G32,5198230.0100684,25763515.423658565,-3857350.1217538,21447183.377168328,46.4,238.47511291503903,4435535.900374285,3085126.0057354067,3376448.2444404988,32.175552604956756,34.82044827900682,-894.041033597663
2024-04-13 16:51:45.417344+00:00,G10,8075708.651477274,17957052.68165374,18129978.560487267,22789364.710788734,27.4,356.54266357421875,4435535.900374285,3085126.0057354067,3376448.2444404988,32.175552604956756,34.82044827900682,-894.041033597663
2024-04-13 16:51:46.417344+00:00,G02,14577518.656424467,-5213069.243098345,22043957.236143615,22943121.05722396,43.6,-501.5657958984375,4436890.583418618,3085280.946926568,3376319.249002317,32.1688023660437,34.81359573538968,53.550571639090776
2024-04-13 16:51:46.417344+00:00,G03,23184351.73672492,-12118250.808062037,4042959.8259142376,24053751.996513456,42.6,-500.1924743652344,4436890.583418618,3085280.946926568,3376319.249002317,32.1688023660437,34.81359573538968,53.550571639090776
2024-04-13 16:51:46.417344+00:00,G08,24915576.51396154,4701030.656115165,8499275.310336692,21135277.801384516,47.6,170.81556701660156,4436890.583418618,3085280.946926568,3376319.249002317,32.1688023660437,34.81359573538968,53.550571639090776
2024-04-13 16:51:46.417344+00:00,G10,-1350848.3722884487,17161361.276693147,20339359.70778309,22792091.935518395,34.0,360.0451354980469,4436890.583418618,3085280.946926568,3376319.249002317,32.1688023660437,34.81359573538968,53.550571639090776
2024-04-13 16:51:46.417344+00:00,G21,15703892.66524831,1562681.565218639,21909697.187725205,21704290.487889886,44.0,-344.2765197753906,4436890.583418618,3085280.946926568,3376319.249002317,32.1688023660437,34.81359573538968,53.550571639090776
2024-04-13 16:51:46.417344+00:00,G27,23147131.593831375,13294051.450987967,-2624314.266344558,22147895.788591634,44.0,538.3251342773438,4436890.583418618,3085280.946926568,3376319.249002317,32.1688023660437,34.81359573538968,53.550571639090776
2024-04-13 16:51:46.417344+00:00,G28,5198003.521109107,25764027.453630283,-3854223.194708416,23875847.65486527,36.2,-506.3809814453125,4436890.583418618,3085280.946926568,3376319.249002317,32.1688023660437,34.81359573538968,53.550571639090776
2024-04-13 16:51:46.417344+00:00,G32,8073619.203615215,17956199.824179806,18131754.876287162,21447425.30698707,44.7,241.5652008056641,4436890.583418618,3085280.946926568,3376319.249002317,32.1688023660437,34.81359573538968,53.550571639090776
2024-04-13 16:51:47.417344256+00:00,G02,14577950.767985916,-5210419.316683025,22044332.89128557,22942615.908320833,44.4,-503.90869140625,4436888.267581816,3085280.312962149,3376312.1443963065,32.168758999609864,34.81360423447877,47.85215170867741
2024-04-13 16:51:47.417344256+00:00,G03,23184027.17242693,-12117775.795390222,4046139.0624591582,24053250.756459102,42.8,-502.6650390625,4436888.267581816,3085280.312962149,3376312.1443963065,32.168758999609864,34.81360423447877,47.85215170867741
2024-04-13 16:51:47.417344256+00:00,G08,24916458.94937069,4701705.554512181,8496393.676285723,21135447.208098333,48.0,168.52288818359375,4436888.267581816,3085280.312962149,3376312.1443963065,32.168758999609864,34.81360423447877,47.85215170867741
2024-04-13 16:51:47.417344256+00:00,G10,-1353015.520954512,17162689.02318965,20338051.304917686,22792454.37654085,33.5,356.943359375,4436888.267581816,3085280.312962149,3376312.1443963065,32.168758999609864,34.81360423447877,47.85215170867741
2024-04-13 16:51:47.417344256+00:00,G21,15704311.891781103,1565313.132601072,21909298.023869675,21703948.114617836,44.6,-346.6251525878906,4436888.267581816,3085280.312962149,3376312.1443963065,32.168758999609864,34.81360423447877,47.85215170867741
2024-04-13 16:51:47.417344256+00:00,G27,23146763.362111025,13294135.161375292,-2627442.796941278,22148429.730354033,44.0,535.9915161132812,4436888.267581816,3085280.312962149,3376312.1443963065,32.168758999609864,34.81360423447877,47.85215170867741
2024-04-13 16:51:47.417344256+00:00,G28,5197777.023884434,25764539.105771083,-3851096.185499713,23875331.407623656,36.2,-508.2503662109375,4436888.267581816,3085280.312962149,3376312.1443963065,32.168758999609864,34.81360423447877,47.85215170867741
2024-04-13 16:51:47.417344256+00:00,G32,8071529.50649097,17955346.993691504,18133530.81511789,21447668.144217137,45.1,239.25979614257807,4436888.267581816,3085280.312962149,3376312.1443963065,32.168758999609864,34.81360423447877,47.85215170867741
2024-04-13 16:51:48.417344256+00:00,G02,14578383.046319446,-5207769.374786043,22044708.096893776,22942111.980932947,44.0,-500.8418273925781,4436880.761630984,3085277.785006824,3376319.5286422716,32.16885188434751,34.813627662383766,45.345525374636054
2024-04-13 16:51:48.417344256+00:00,G03,23183702.302448764,-12117300.539367734,4049318.212036207,24052749.202300828,43.1,-499.5289611816406,4436880.761630984,3085277.785006824,3376319.5286422716,32.16885188434751,34.813627662383766,45.345525374636054
2024-04-13 16:51:48.417344256+00:00,G08,24917341.09633236,4702380.251234804,8493511.86508343,21135614.485885587,48.0,171.70761108398438,4436880.761630984,3085277.785006824,3376319.5286422716,32.16885188434751,34.813627662383766,45.345525374636054
2024-04-13 16:51:48.417344256+00:00,G10,-1355182.4548274623,17164016.815568916,20336742.47346712,22792794.934990257,34.1,360.70166015625,4436880.761630984,3085277.785006824,3376319.5286422716,32.16885188434751,34.813627662383766,45.345525374636054
2024-04-13 16:51:48.417344256+00:00,G21,15704731.267713662,1567944.6154798083,21908898.41642222,21703604.275527492,44.4,-343.52276611328125,4436880.761630984,3085277.785006824,3376319.5286422716,32.16885188434751,34.813627662383766,45.345525374636054
2024-04-13 16:51:48.417344256+00:00,G27,23146394.78749426,13294218.721534265,-2630571.2731388886,22148973.828143157,43.4,539.1243286132812,4436880.761630984,3085277.785006824,3376319.5286422716,32.16885188434751,34.813627662383766,45.345525374636054
2024-04-13 16:51:48.417344256+00:00,G28,5197550.518369531,25765050.38001352,-3847969.0945633226,23874832.854902834,36.5,-505.6134338378906,4436880.761630984,3085277.785006824,3376319.5286422716,32.16885188434751,34.813627662383766,45.345525374636054
2024-04-13 16:51:48.417344256+00:00,G32,8069439.560109178,17954494.19022574,18135306.376969244,21447907.386702348,44.8,242.4367828369141,4436880.761630984,3085277.785006824,3376319.5286422716,32.16885188434751,34.813627662383766,45.345525374636054
2024-04-13 16:51:49.417344512+00:00,G02,14578815.491417965,-5205119.41749534,22045082.852958716,22941611.9274934,46.0,-501.826416015625,4436887.364398758,3085282.0662199915,3376320.0331542934,32.16881797285057,34.81362496259513,52.27184543013573
2024-04-13 16:51:49.417344512+00:00,G03,23183377.126837976,-12116825.039968807,4052497.274500657,24052254.52352834,44.9,-500.48187255859375,4436887.364398758,3085282.0662199915,3376320.0331542934,32.16881797285057,34.81362496259513,52.27184543013573
2024-04-13 16:51:49.417344512+00:00,G08,24918222.954780146,4703054.7462959895,8490629.876871249,21135788.045751225,49.3,170.82083129882812,4436887.364398758,3085282.0662199915,3376320.0331542934,32.16881797285057,34.81362496259513,52.27184543013573
2024-04-13 16:51:49.417344512+00:00,G10,-1357349.173506613,17165344.653556854,20335433.213674664,22793163.378887612,35.8,359.3114929199219,4436887.364398758,3085282.0662199915,3376320.0331542934,32.16881797285057,34.81362496259513,52.27184543013573
2024-04-13 16:51:49.417344512+00:00,G21,15705150.79302923,1570576.0137893008,21908498.365395203,21703259.494125392,45.6,-344.48492431640625,4436887.364398758,3085282.0662199915,3376320.0331542934,32.16881797285057,34.81362496259513,52.27184543013573
2024-04-13 16:51:49.417344512+00:00,G27,23146025.869944427,13294302.131519534,-2633699.6950597907,22149510.178035606,45.2,538.1806030273438,4436887.364398758,3085282.0662199915,3376320.0331542934,32.16881797285057,34.81362496259513,52.27184543013573
2024-04-13 16:51:49.417344512+00:00,G28,5197324.004493194,25765561.276395086,-3844841.9216934354,23874325.891177062,38.5,-506.5655517578125,4436887.364398758,3085282.0662199915,3376320.0331542934,32.16881797285057,34.81362496259513,52.27184543013573
2024-04-13 16:51:49.417344512+00:00,G32,8067349.364560572,17953641.41385415,18137081.561758265,21448150.817239817,45.7,241.53536987304688,4436887.364398758,3085282.0662199915,3376320.0331542934,32.16881797285057,34.81362496259513,52.27184543013573
2024-04-13 16:51:50.417344512+00:00,G02,14579248.10328289,-5202469.444846471,22045457.159478296,22941112.467361256,46.0,-501.0005493164063,4436892.901702323,3085286.0326152565,3376316.764065997,32.16876031858194,34.813625971585765,56.29643546976149
2024-04-13 16:51:50.417344512+00:00,G03,23183051.64562021,-12116349.297135154,4055676.2499235338,24051753.562677473,45.4,-499.6053771972656,4436892.901702323,3085286.0326152565,3376316.764065997,32.16876031858194,34.813625971585765,56.29643546976149
2024-04-13 16:51:50.417344512+00:00,G08,24919104.524698675,4703729.039747692,8487747.711623866,21135958.953183766,49.7,171.771728515625,4436892.901702323,3085286.0326152565,3376316.764065997,32.16876031858194,34.813625971585765,56.29643546976149
2024-04-13 16:51:50.417344512+00:00,G10,-1359515.6771552823,17166672.537224706,20334123.525443144,22793531.508681048,33.9,359.8833923339844,4436892.901702323,3085286.0326152565,3376316.764065997,32.16876031858194,34.813625971585765,56.29643546976149
2024-04-13 16:51:50.417344512+00:00,G21,15705570.467709549,1573207.3274551504,21908097.870802354,21702915.34093113,45.4,-343.63336181640625,4436892.901702323,3085286.0326152565,3376316.764065997,32.16876031858194,34.813625971585765,56.29643546976149
2024-04-13 16:51:50.417344512+00:00,G27,23145656.60945349,13294385.391379155,-2636828.0625841278,22150044.084897567,45.1,539.0724487304688,4436892.901702323,3085286.0326152565,3376316.764065997,32.16876031858194,34.813625971585765,56.29643546976149
2024-04-13 16:51:50.417344512+00:00,G28,5197097.482206385,25766071.794903025,-3841714.6669914993,23873813.866888143,38.1,-505.6785278320313,4436892.901702323,3085286.0326152565,3376316.764065997,32.16876031858194,34.813625971585765,56.29643546976149
2024-04-13 16:51:50.417344512+00:00,G32,8065258.919812584,17952788.664598227,18138856.369506557,21448388.5590063,44.1,242.4747467041016,4436892.901702323,3085286.0326152565,3376316.764065997,32.16876031858194,34.813625971585765,56.29643546976149
2024-04-13 16:51:51.417344768+00:00,G02,14579680.881912543,-5199819.456893694,22045831.016447797,22940612.413921706,46.6,-500.7537536621094,4435548.567186717,3085131.1526818685,3376455.4048896693,32.17554320894314,34.82041638631177,-878.9386798832566
2024-04-13 16:51:51.417344768+00:00,G03,23182725.858845707,-12115873.310844766,4058855.1381345806,24051255.917367972,45.0,-499.35162353515625,4435548.567186717,3085131.1526818685,3376455.4048896693,32.17554320894314,34.82041638631177,-878.9386798832566
2024-04-13 16:51:51.417344768+00:00,G08,24919985.806043923,4704403.131620079,8484865.369409585,21136128.01089323,49.6,172.10052490234375,4435548.567186717,3085131.1526818685,3376455.4048896693,32.17554320894314,34.82041638631177,-878.9386798832566
2024-04-13 16:51:51.417344768+00:00,G21,-1361681.9829161912,17168000.477053348,20332813.398403816,21702574.189174317,44.0,-343.354736328125,4435548.567186717,3085131.1526818685,3376455.4048896693,32.17554320894314,34.82041638631177,-878.9386798832566
2024-04-13 16:51:51.417344768+00:00,G27,15705990.291735245,1575838.5563955666,21907696.93265853,22150584.93694619,45.0,539.3671264648438,4435548.567186717,3085131.1526818685,3376455.4048896693,32.17554320894314,34.82041638631177,-878.9386798832566
2024-04-13 16:51:51.417344768+00:00,G28,23145287.006018322,13294468.501160277,-2639956.3755494785,23873318.001500852,36.8,-505.42138671875,4435548.567186717,3085131.1526818685,3376455.4048896693,32.17554320894314,34.82041638631177,-878.9386798832566
2024-04-13 16:51:51.417344768+00:00,G32,5196870.9514737055,25766581.93549418,-3838587.330745368,21448631.082132448,41.9,242.8070373535156,4435548.567186717,3085131.1526818685,3376455.4048896693,32.17554320894314,34.82041638631177,-878.9386798832566
2024-04-13 16:51:51.417344768+00:00,G10,8063168.2259744685,17951935.942537367,18140630.800115295,22791521.103995696,29.2,360.449462890625,4435548.567186717,3085131.1526818685,3376455.4048896693,32.17554320894314,34.82041638631177,-878.9386798832566
2024-04-13 16:51:52.417344768+00:00,G02,14580113.827304535,-5197169.453695878,22046204.423861805,22940111.138966918,46.2,-500.7961730957031,4435541.554498832,3085129.2707845224,3376452.0608083615,32.17555049138419,34.82044246651868,-886.5018696319312
2024-04-13 16:51:52.417344768+00:00,G03,23182399.766546614,-12115397.081048608,4062033.9391419124,24050754.3632097,44.4,-499.3572082519531,4435541.554498832,3085129.2707845224,3376452.0608083615,32.17555049138419,34.82044246651868,-886.5018696319312
2024-04-13 16:51:52.417344768+00:00,G08,24920866.798752822,4705077.021928715,8481982.850359106,21136302.513070628,48.9,172.16201782226562,4435541.554498832,3085129.2707845224,3376452.0608083615,32.17555049138419,34.82044246651868,-886.5018696319312
2024-04-13 16:51:52.417344768+00:00,G21,-1363848.0564369485,17169328.451956004,20331502.85333358,21702228.221157413,43.7,-343.36346435546875,4435541.554498832,3085129.2707845224,3376452.0608083615,32.17555049138419,34.82044246651868,-886.5018696319312
2024-04-13 16:51:52.417344768+00:00,G27,15706410.26510117,1578469.7006185288,21907295.550964948,22151126.068198297,44.3,539.3644409179688,4435541.554498832,3085129.2707845224,3376452.0608083615,32.17555049138419,34.82044246651868,-886.5018696319312
2024-04-13 16:51:52.417344768+00:00,G28,23144917.05961609,13294551.460914478,-2643084.633960981,23872805.06980061,36.8,-505.44622802734375,4435541.554498832,3085129.2707845224,3376452.0608083615,32.17555049138419,34.82044246651868,-886.5018696319312
2024-04-13 16:51:52.417344768+00:00,G32,5196644.412218424,25767091.698218103,-3835459.912674939,21448870.324617658,41.9,242.85076904296875,4435541.554498832,3085129.2707845224,3376452.0608083615,32.17555049138419,34.82044246651868,-886.5018696319312
2024-04-13 16:51:52.417344768+00:00,G10,8061077.283026318,17951083.247698188,18142404.85359536,22791880.578481134,27.4,360.0465393066406,4435541.554498832,3085129.2707845224,3376452.0608083615,32.17555049138419,34.82044246651868,-886.5018696319312
2024-04-13 16:51:53.417345024+00:00,G02,14580546.939454073,-5194519.435326209,22046577.381712966,22939609.584808644,46.1,-503.1488342285156,4435540.563053567,3085132.8925499525,3376448.5576044363,32.17551772433521,34.82048000002308,-887.305856234394
2024-04-13 16:51:53.417345024+00:00,G03,23182073.368770827,-12114920.60772161,4065212.652797478,24050256.403796278,44.4,-501.7610473632813,4435540.563053567,3085132.8925499525,3376448.5576044363,32.17551772433521,34.82048000002308,-887.305856234394
2024-04-13 16:51:53.417345024+00:00,G08,24921747.502812184,4705750.71072703,8479100.154440096,21136472.79229533,48.9,169.8882598876953,4435540.563053567,3085132.8925499525,3376448.5576044363,32.17551772433521,34.82048000002308,-887.305856234394
2024-04-13 16:51:53.417345024+00:00,G21,-1366013.9147937223,17170656.47237112,20330191.87990857,21701889.756734133,43.3,-345.72955322265625,4435540.563053567,3085132.8925499525,3376448.5576044363,32.17551772433521,34.82048000002308,-887.305856234394
2024-04-13 16:51:53.417345024+00:00,G27,15706830.387773998,1581100.7599549717,21906893.725749776,22151663.290601633,43.9,537.041748046875,4435540.563053567,3085132.8925499525,3376448.5576044363,32.17551772433521,34.82048000002308,-887.305856234394
2024-04-13 16:51:53.417345024+00:00,G28,23144546.7702271,13294634.270692475,-2646212.837797863,23872291.823996454,35.2,-507.8642578125,4435540.563053567,3085132.8925499525,3376448.5576044363,32.17551772433521,34.82048000002308,-887.305856234394
2024-04-13 16:51:53.417345024+00:00,G32,5196417.864401967,25767601.083039235,-3832332.4130214755,21449108.066384144,40.3,240.554443359375,4435540.563053567,3085132.8925499525,3376448.5576044363,32.17551772433521,34.82048000002308,-887.305856234394
2024-04-13 16:51:53.417345024+00:00,G10,8058986.091017,17950230.58013528,18144178.529899366,22792241.204680942,27.2,357.1287841796875,4435540.563053567,3085132.8925499525,3376448.5576044363,32.17551772433521,34.82048000002308,-887.305856234394
2024-04-13 16:51:54.417345024+00:00,G02,14580980.21835701,-5191869.401854238,22046949.889994357,22939108.344754286,46.9,-499.4737243652344,4436888.43074135,3085284.3688207557,3376316.734998324,32.16878228135999,34.81363855119059,52.369702748954296
2024-04-13 16:51:54.417345024+00:00,G03,23181746.665548664,-12114443.890811855,4068391.2791278865,24049753.069715794,45.2,-498.05517578125,4436888.43074135,3085284.3688207557,3376316.734998324,32.16878228135999,34.81363855119059,52.369702748954296
2024-04-13 16:51:54.417345024+00:00,G08,24922627.918164503,4706424.198034765,8476217.281765122,21136644.258134842,49.3,173.6709442138672,4436888.43074135,3085284.3688207557,3376316.734998324,32.16878228135999,34.81363855119059,52.369702748954296
2024-04-13 16:51:54.417345024+00:00,G10,-1368179.540906635,17171984.52779522,20328880.48847497,22794961.833228298,36.6,361.8014221191406,4436888.43074135,3085284.3688207557,3376316.734998324,32.16878228135999,34.81363855119059,52.369702748954296
2024-04-13 16:51:54.417345024+00:00,G21,15707250.659757383,1583731.7344679958,21906491.457005844,21701544.696128547,45.9,-342.0204772949219,4436888.43074135,3085284.3688207557,3376316.734998324,32.16878228135999,34.81363855119059,52.369702748954296
2024-04-13 16:51:54.417345024+00:00,G27,23144176.137841653,13294716.930542724,-2649340.9869548837,22152200.513004966,45.1,540.780517578125,4436888.43074135,3085284.3688207557,3376316.734998324,32.16878228135999,34.81363855119059,52.369702748954296
2024-04-13 16:51:54.417345024+00:00,G28,5196191.307984075,25768110.089924205,-3829204.8320142454,23871793.864583034,39.1,-503.6883544921875,4436888.43074135,3085284.3688207557,3376316.734998324,32.16878228135999,34.81363855119059,52.369702748954296
2024-04-13 16:51:54.417345024+00:00,G32,8056894.650087282,17949377.939940788,18145951.82890192,21449359.279718723,43.8,244.32894897460935,4436888.43074135,3085284.3688207557,3376316.734998324,32.16878228135999,34.81363855119059,52.369702748954296
2024-04-13 16:51:55.417345280+00:00,G02,14581413.66401039,-5189219.353341901,22047321.948700216,22938607.104699932,47.5,-499.8954162597656,4436885.963542197,3085284.253010208,3376322.251107511,32.168834431434995,34.81365247675336,53.53595885168761
2024-04-13 16:51:55.417345280+00:00,G03,23181419.6569339,-12113966.930302752,4071569.817928489,24049257.204328503,45.5,-498.4231567382813,4436885.963542197,3085284.253010208,3376322.251107511,32.168834431434995,34.81365247675336,53.53595885168761
2024-04-13 16:51:55.417345280+00:00,G08,24923508.04475841,4707097.4838766605,8473334.232426688,21136820.226130527,50.3,173.3470001220703,4436885.963542197,3085284.253010208,3376322.251107511,32.168834431434995,34.81365247675336,53.53595885168761
2024-04-13 16:51:55.417345280+00:00,G10,-1370344.9688593587,17173312.639101215,20327568.658394746,22795318.58547977,38.3,361.193603515625,4436885.963542197,3085284.253010208,3376322.251107511,32.168834431434995,34.81365247675336,53.53595885168761
2024-04-13 16:51:55.417345280+00:00,G21,15707671.08102598,1586362.6240388495,21906088.744753662,21701199.635522965,46.4,-342.4220886230469,4436885.963542197,3085284.253010208,3376322.251107511,32.168834431434995,34.81365247675336,53.53595885168761
2024-04-13 16:51:55.417345280+00:00,G27,23143805.162453923,13294799.440513212,-2652469.081292551,22152744.92489801,45.3,540.3980102539062,4436885.963542197,3085284.253010208,3376322.251107511,32.168834431434995,34.81365247675336,53.53595885168761
2024-04-13 16:51:55.417345280+00:00,G28,5195964.7429001145,25768618.718896512,-3826077.169532235,23871293.217836082,39.8,-504.5303039550781,4436885.963542197,3085284.253010208,3376322.251107511,32.168834431434995,34.81365247675336,53.53595885168761
2024-04-13 16:51:55.417345280+00:00,G32,8054802.9601168325,17948525.32710052,18147724.75069895,21449601.523641385,44.0,243.97378540039065,4436885.963542197,3085284.253010208,3376322.251107511,32.168834431434995,34.81365247675336,53.53595885168761
